{
  "trial": 6,
  "sharpe": 2.950709039202021,
  "cfg": {
    "learning_rate": 0.00017014438478932297,
    "n_steps": 1024,
    "batch_size": 4096,
    "n_epochs": 5,
    "ent_coef": 0.0,
    "clip_range": 0.3,
    "gamma": 0.95,
    "gae_lambda": 0.95,
    "net_arch": [
      128,
      128
    ],
    "risk_window": 20,
    "downside_only": true,
    "dd_penalty": 0.05
  }
}
